ID,AKEY,ORGANIZATIONID,STATUS,PLANNEDDEPARTURE,ACTUALDEPARTURE,PLANNEDARRIVAL,ACTUALARRIVAL,ROUTEDATE
219015,3822216643,10049,NOT_STARTED,2020-06-10 10:00:00,,2020-06-10 16:39:43,,2020-06-10 00:00:00
218971,294579723,10160,NOT_STARTED,2020-06-10 07:00:00,,2020-06-10 18:11:35,,2020-06-10 00:00:00
218265,3769879272,10050,COMPLETED,2020-06-04 12:30:00,2020-06-04 11:40:45,2020-06-04 19:19:20,2020-06-04 19:51:00,2020-06-04 00:00:00
218244,3790565749,10057,COMPLETED,2020-06-04 08:45:00,2020-06-04 08:36:25,2020-06-04 21:50:42,2020-06-04 21:15:00,2020-06-04 00:00:00
217470,3127463195,10059,COMPLETED,2020-05-29 11:00:00,2020-05-29 11:23:11,2020-05-29 17:40:38,2020-05-30 11:13:20,2020-05-29 00:00:00
217022,1191646472,10076,COMPLETED,2020-05-26 09:00:00,2020-05-26 09:20:43,2020-05-26 16:50:30,2020-05-26 18:27:08,2020-05-26 00:00:00
216948,1460877436,10057,COMPLETED,2020-05-26 10:00:00,2020-05-26 09:28:53,2020-05-26 11:15:29,2020-05-26 17:06:04,2020-05-26 00:00:00
216693,2866087569,10160,COMPLETED,2020-05-25 07:00:00,2020-05-25 09:31:53,2020-05-25 08:43:39,2020-05-25 16:47:43,2020-05-25 00:00:00
216655,3740761196,10080,COMPLETED,2020-05-23 06:00:00,2020-05-23 11:07:50,2020-05-23 10:30:51,2020-05-23 18:36:36,2020-05-23 00:00:00
216562,1034735175,10062,COMPLETED,2020-05-22 07:30:00,2020-05-22 10:24:48,2020-05-22 12:55:52,2020-05-22 17:07:15,2020-05-22 00:00:00
216480,1078133776,10062,COMPLETED,2020-05-21 16:30:00,2020-05-21 18:01:45,2020-05-21 20:48:04,2020-05-21 22:43:50,2020-05-21 00:00:00
216026,1140508764,10049,COMPLETED,2020-05-19 10:00:00,2020-05-19 10:18:48,2020-05-19 16:49:12,2020-05-19 18:35:15,2020-05-19 00:00:00
215983,569618823,10160,COMPLETED,2020-05-19 07:00:00,2020-05-19 09:37:07,2020-05-19 13:28:57,2020-05-19 17:15:35,2020-05-19 00:00:00
215865,1749667458,10080,COMPLETED,2020-05-18 07:00:00,2020-05-18 10:08:22,2020-05-19 12:00:02,2020-05-19 18:55:32,2020-05-18 00:00:00
215776,585343141,10065,COMPLETED,2020-05-18 06:30:00,2020-05-18 09:53:17,2020-05-18 13:25:43,2020-05-18 15:35:21,2020-05-18 00:00:00
215703,2710067542,10062,COMPLETED,2020-05-16 07:30:00,2020-05-16 10:17:43,2020-05-16 09:39:40,2020-05-16 13:32:59,2020-05-16 00:00:00
214969,1307828706,10050,COMPLETED,2020-05-09 12:30:00,2020-05-09 12:12:56,2020-05-09 13:29:34,2020-05-09 18:44:33,2020-05-09 00:00:00
214275,727708951,10065,COMPLETED,2020-05-06 06:30:00,2020-05-06 09:52:40,2020-05-06 12:33:34,2020-05-06 14:47:28,2020-05-06 00:00:00
213648,1813046732,10059,COMPLETED,2020-04-30 11:00:00,2020-04-30 11:53:02,2020-05-01 16:04:48,2020-05-04 12:28:42,2020-04-30 00:00:00
213505,2398752684,10071,COMPLETED,2020-04-29 10:30:00,2020-04-29 10:05:00,2020-04-29 19:49:13,2020-04-29 19:51:32,2020-04-29 00:00:00
213282,2197475293,10065,COMPLETED,2020-04-28 15:00:00,2020-04-28 17:21:45,2020-04-28 15:47:43,2020-04-28 23:06:49,2020-04-28 00:00:00
212507,3445615372,10072,COMPLETED,2020-04-22 08:00:00,2020-04-22 12:06:51,2020-04-22 16:33:04,2020-04-23 14:57:03,2020-04-22 00:00:00
212506,2149301769,10077,COMPLETED,2020-04-22 09:30:00,2020-04-22 10:30:41,2020-04-22 12:37:05,2020-04-22 18:25:22,2020-04-22 00:00:00
212504,2195685977,10077,COMPLETED,2020-04-22 09:30:00,2020-04-22 09:26:06,2020-04-22 16:39:10,2020-04-22 17:24:21,2020-04-22 00:00:00
212501,3117025308,10077,COMPLETED,2020-04-22 09:30:00,2020-04-22 09:10:52,2020-04-22 16:17:54,2020-04-22 19:02:23,2020-04-22 00:00:00
212499,1191646472,10076,COMPLETED,2020-04-21 09:00:00,2020-04-21 09:33:39,2020-04-21 18:10:52,2020-04-21 17:44:19,2020-04-21 00:00:00
212495,482170047,10080,COMPLETED,2020-04-22 06:00:00,2020-04-22 09:14:19,2020-04-22 14:04:46,2020-04-22 22:38:55,2020-04-22 00:00:00
212482,3007943781,10065,COMPLETED,2020-04-22 06:30:00,2020-04-22 09:38:54,2020-04-22 11:56:00,2020-04-22 18:41:47,2020-04-22 00:00:00
212480,382804855,10065,COMPLETED,2020-04-22 06:30:00,2020-04-22 09:41:21,2020-04-22 11:02:20,2020-04-22 15:01:39,2020-04-22 00:00:00
212477,1460877436,10057,COMPLETED,2020-04-22 10:00:00,2020-04-22 10:31:53,2020-04-22 15:53:16,2020-04-22 17:24:12,2020-04-22 00:00:00
212474,108950446,10057,COMPLETED,2020-04-22 10:35:00,2020-04-22 11:08:23,2020-04-22 20:45:16,2020-04-22 19:40:33,2020-04-22 00:00:00
212470,3931930047,10057,COMPLETED,2020-04-22 11:00:00,2020-04-20 21:40:58,2020-04-22 19:59:29,2020-04-22 19:00:02,2020-04-22 00:00:00
212469,86854279,10057,COMPLETED,2020-04-22 11:00:00,2020-04-20 21:34:08,2020-04-22 20:28:40,2020-04-22 18:51:35,2020-04-22 00:00:00
212467,353330910,10046,COMPLETED,2020-04-22 10:00:00,2020-04-22 11:17:31,2020-04-22 21:43:11,2020-04-23 22:16:16,2020-04-22 00:00:00
212463,2691180386,10058,COMPLETED,2020-04-21 10:00:00,2020-04-21 07:58:45,2020-04-21 16:58:54,2020-04-21 15:54:14,2020-04-21 00:00:00
212462,1903116204,10058,COMPLETED,2020-04-21 10:00:00,2020-04-21 09:51:15,2020-04-21 13:10:36,2020-04-21 15:25:02,2020-04-21 00:00:00
212457,2152836763,10049,COMPLETED,2020-04-22 11:00:00,2020-04-23 10:16:02,2020-04-22 14:32:37,2020-04-23 18:41:32,2020-04-22 00:00:00
212456,3387586811,10049,COMPLETED,2020-04-22 10:30:00,2020-04-22 10:45:05,2020-04-24 01:44:29,2020-04-27 10:06:04,2020-04-22 00:00:00
212452,294579723,10160,COMPLETED,2020-04-22 07:00:00,2020-04-22 09:48:28,2020-04-22 14:52:36,2020-04-22 17:10:28,2020-04-22 00:00:00
212449,249521004,10160,COMPLETED,2020-04-22 07:00:00,2020-04-22 10:55:20,2020-04-22 09:13:07,2020-04-22 18:19:38,2020-04-22 00:00:00
212446,529576894,10160,COMPLETED,2020-04-22 07:00:00,2020-04-22 09:39:13,2020-04-22 16:21:32,2020-04-22 17:06:11,2020-04-22 00:00:00
212444,1259570093,10160,COMPLETED,2020-04-22 07:00:00,2020-04-22 10:04:43,2020-04-22 09:53:48,2020-04-22 16:07:34,2020-04-22 00:00:00
212441,1822846252,10072,COMPLETED,2020-04-20 08:30:00,2020-04-20 12:21:24,2020-04-20 13:46:00,2020-04-21 20:41:30,2020-04-20 00:00:00
212428,1078752001,10076,COMPLETED,2020-04-20 10:30:00,2020-04-20 09:53:42,2020-04-20 15:29:21,2020-04-20 16:15:31,2020-04-20 00:00:00
212426,2817956075,10076,COMPLETED,2020-04-20 09:30:00,2020-04-20 09:17:39,2020-04-20 15:04:19,2020-04-20 17:19:54,2020-04-20 00:00:00
212418,3635107556,10062,COMPLETED,2020-04-20 07:30:00,2020-04-20 10:37:08,2020-04-20 11:06:29,2020-04-22 09:22:00,2020-04-20 00:00:00
212417,2116889463,10062,COMPLETED,2020-04-20 07:30:00,2020-04-20 10:47:01,2020-04-20 11:09:24,2020-04-20 17:57:52,2020-04-20 00:00:00
212412,3660059922,10062,COMPLETED,2020-04-20 07:30:00,2020-04-20 10:26:20,2020-04-21 12:57:48,2020-04-22 09:22:00,2020-04-20 00:00:00
212407,157529081,10062,COMPLETED,2020-04-20 07:30:00,2020-04-20 10:21:53,2020-04-20 11:46:19,2020-04-20 18:46:12,2020-04-20 00:00:00
212404,3771906727,10080,COMPLETED,2020-04-20 06:00:00,2020-04-20 09:28:54,2020-04-20 09:45:33,2020-04-20 22:18:55,2020-04-20 00:00:00
212401,2663771757,10080,COMPLETED,2020-04-20 07:00:00,2020-04-20 10:09:46,2020-04-20 15:33:48,2020-04-20 20:48:44,2020-04-20 00:00:00
212397,3497519214,10080,COMPLETED,2020-04-20 06:00:00,2020-04-19 14:06:02,2020-04-20 14:34:58,2020-04-22 09:09:50,2020-04-20 00:00:00
212396,370775713,10080,COMPLETED,2020-04-20 07:00:00,2020-04-20 09:59:47,2020-04-20 11:29:00,2020-04-20 18:08:15,2020-04-20 00:00:00
212394,4280621514,10080,COMPLETED,2020-04-20 07:00:00,2020-04-20 09:27:20,2020-04-20 11:13:44,2020-04-20 18:09:43,2020-04-20 00:00:00
212392,3081508542,10053,COMPLETED,2020-04-20 16:30:00,2020-04-20 19:15:23,2020-04-20 21:56:00,2020-04-21 00:35:44,2020-04-20 00:00:00
212391,663784762,10053,COMPLETED,2020-04-20 08:45:00,2020-04-20 10:21:15,2020-04-20 23:30:05,2020-04-20 20:21:05,2020-04-20 00:00:00
212390,1508546178,10053,COMPLETED,2020-04-20 09:40:00,2020-04-20 10:17:53,2020-04-20 22:48:16,2020-04-22 20:51:59,2020-04-20 00:00:00
212389,4033614906,10053,COMPLETED,2020-04-20 10:15:00,2020-04-20 09:58:09,2020-04-20 13:50:59,2020-04-21 19:07:39,2020-04-20 00:00:00
212388,1547421263,10053,COMPLETED,2020-04-20 10:00:00,2020-04-20 10:18:07,2020-04-20 19:24:09,2020-04-20 18:21:17,2020-04-20 00:00:00
212387,886299375,10053,COMPLETED,2020-04-20 10:00:00,2020-04-20 10:30:14,2020-04-20 18:18:06,2020-04-20 18:55:36,2020-04-20 00:00:00
212385,712656806,10053,COMPLETED,2020-04-20 10:00:00,2020-04-20 09:55:10,2020-04-20 18:34:49,2020-04-20 18:54:12,2020-04-20 00:00:00
212380,1782697878,10053,COMPLETED,2020-04-20 09:45:00,2020-04-20 09:50:01,2020-04-21 04:16:30,2020-04-21 13:42:46,2020-04-20 00:00:00
212379,3360696173,10059,COMPLETED,2020-04-20 11:00:00,2020-04-20 11:47:10,2020-04-20 22:02:15,2020-04-21 12:25:02,2020-04-20 00:00:00
212377,1848453854,10059,COMPLETED,2020-04-20 11:00:00,2020-04-20 11:24:00,2020-04-20 18:21:42,2020-04-21 12:25:44,2020-04-20 00:00:00
212376,3127463195,10059,COMPLETED,2020-04-20 11:00:00,2020-04-20 11:24:13,2020-04-20 18:56:05,2020-04-21 12:25:20,2020-04-20 00:00:00
212375,1573707008,10059,COMPLETED,2020-04-20 11:00:00,2020-04-20 11:16:45,2020-04-21 12:05:00,2020-04-21 19:27:56,2020-04-20 00:00:00
212374,2382476233,10059,COMPLETED,2020-04-20 11:00:00,2020-04-20 11:24:17,2020-04-20 17:14:11,2020-04-21 14:01:05,2020-04-20 00:00:00
212372,1604930222,10059,COMPLETED,2020-04-20 17:00:00,2020-04-20 16:40:26,2020-04-20 22:46:16,2020-04-20 22:31:09,2020-04-20 00:00:00
212369,791073506,10059,COMPLETED,2020-04-20 10:00:00,2020-04-20 09:52:41,2020-04-20 11:00:54,2020-04-20 14:55:13,2020-04-20 00:00:00
212367,2272523408,10059,COMPLETED,2020-04-20 11:00:00,2020-04-20 10:38:50,2020-04-20 18:37:19,2020-04-20 19:50:45,2020-04-20 00:00:00
212366,3343530253,10059,COMPLETED,2020-04-20 11:00:00,2020-04-20 10:29:03,2020-04-20 19:47:13,2020-04-20 20:38:43,2020-04-20 00:00:00
212364,2811214702,10059,COMPLETED,2020-04-20 11:00:00,2020-04-20 11:07:32,2020-04-20 19:26:25,2020-04-20 19:20:32,2020-04-20 00:00:00
212363,3760670083,10059,COMPLETED,2020-04-20 11:00:00,2020-04-20 11:43:25,2020-04-20 20:06:41,2020-04-20 19:47:26,2020-04-20 00:00:00
212360,556730714,10078,COMPLETED,2020-04-20 10:15:00,2020-04-20 09:51:08,2020-04-20 18:52:09,2020-04-20 17:44:11,2020-04-20 00:00:00
212352,4122634461,10078,COMPLETED,2020-04-20 09:15:00,2020-04-20 08:57:36,2020-04-20 17:25:10,2020-04-20 16:42:56,2020-04-20 00:00:00
212344,3521008208,10050,COMPLETED,2020-04-20 12:30:00,2020-04-20 13:14:40,2020-04-20 16:00:56,2020-04-24 11:23:10,2020-04-20 00:00:00
212343,1220204310,10050,COMPLETED,2020-04-20 13:30:00,2020-04-20 15:58:35,2020-04-21 02:17:00,2020-04-23 14:26:18,2020-04-20 00:00:00
212338,2022706132,10071,COMPLETED,2020-04-20 07:30:00,2020-04-20 10:59:28,2020-04-20 14:24:18,2020-04-20 21:23:44,2020-04-20 00:00:00
212333,1113330855,10071,COMPLETED,2020-04-20 07:30:00,2020-04-20 11:00:44,2020-04-20 14:55:22,2020-04-20 18:26:33,2020-04-20 00:00:00
212330,2988230727,10080,COMPLETED,2020-04-18 08:00:00,2020-04-18 11:11:00,2020-04-18 13:05:34,2020-04-21 09:17:35,2020-04-18 00:00:00
212329,1612232326,10080,COMPLETED,2020-04-18 06:00:00,2020-04-20 10:13:23,2020-04-18 13:13:35,2020-04-20 22:43:12,2020-04-18 00:00:00
212328,1454253606,10080,COMPLETED,2020-04-18 07:00:00,2020-04-18 09:49:07,2020-04-18 12:33:56,2020-04-18 17:27:32,2020-04-18 00:00:00
212299,3982066137,10072,COMPLETED,2020-04-20 08:00:00,2020-04-20 13:00:26,2020-04-23 10:30:50,2020-04-24 16:06:52,2020-04-20 00:00:00
212289,2859706820,10079,COMPLETED,2020-04-20 10:00:00,2020-04-20 10:35:41,2020-04-20 15:34:41,2020-04-20 17:49:16,2020-04-20 00:00:00
212278,107845302,10057,COMPLETED,2020-04-20 10:45:00,2020-04-20 10:02:30,2020-04-20 18:31:22,2020-04-20 17:36:37,2020-04-20 00:00:00
212277,3275050518,10057,COMPLETED,2020-04-20 10:45:00,2020-04-20 10:31:15,2020-04-20 19:10:00,2020-04-20 19:59:17,2020-04-20 00:00:00
212275,3492635000,10057,COMPLETED,2020-04-20 10:00:00,2020-04-18 10:11:32,2020-04-20 12:35:01,2020-04-20 17:49:28,2020-04-20 00:00:00
212274,3528007546,10057,COMPLETED,2020-04-20 10:00:00,2020-04-20 09:35:06,2020-04-20 16:24:26,2020-04-20 18:30:32,2020-04-20 00:00:00
212271,86854279,10057,COMPLETED,2020-04-20 11:00:00,2020-04-20 10:38:04,2020-04-20 19:09:06,2020-04-20 18:19:00,2020-04-20 00:00:00
212264,1903116204,10058,COMPLETED,2020-04-20 10:00:00,2020-04-20 10:08:29,2020-04-20 16:37:21,2020-04-20 19:05:04,2020-04-20 00:00:00
212263,3448942034,10047,COMPLETED,2020-04-20 10:00:00,2020-04-18 09:57:54,2020-04-20 17:05:26,2020-04-21 11:19:41,2020-04-20 00:00:00
212258,364209216,10078,COMPLETED,2020-04-20 10:20:00,2020-04-20 10:28:59,2020-04-20 13:33:02,2020-04-20 19:00:32,2020-04-20 00:00:00
212256,1459721544,10078,COMPLETED,2020-04-20 10:20:00,2020-04-20 09:44:19,2020-04-20 19:14:23,2020-04-21 16:51:17,2020-04-20 00:00:00
212252,3789004744,10078,COMPLETED,2020-04-20 10:15:00,2020-04-20 13:37:46,2020-04-20 16:15:49,2020-04-22 17:34:41,2020-04-20 00:00:00
212241,1175647785,10065,COMPLETED,2020-04-20 06:30:00,2020-04-20 09:35:16,2020-04-20 13:37:47,2020-04-20 16:26:53,2020-04-20 00:00:00
212220,991978774,10160,COMPLETED,2020-04-20 07:00:00,2020-04-20 11:13:29,2020-04-21 03:26:55,2020-04-20 18:56:00,2020-04-20 00:00:00
212216,2421728479,10160,COMPLETED,2020-04-20 07:00:00,2020-04-20 12:35:30,2020-04-20 15:21:10,2020-04-20 19:14:59,2020-04-20 00:00:00
212211,3544000463,10160,COMPLETED,2020-04-20 07:00:00,2020-04-20 12:41:05,2020-04-20 12:24:08,2020-04-20 18:33:52,2020-04-20 00:00:00
212210,1259570093,10160,COMPLETED,2020-04-20 07:00:00,2020-04-20 11:22:22,2020-04-20 08:30:17,2020-04-20 18:39:26,2020-04-20 00:00:00
212207,1821314708,10076,COMPLETED,2020-04-18 09:30:00,2020-04-18 11:14:38,2020-04-18 12:46:00,2020-04-18 16:23:09,2020-04-18 00:00:00
212202,160038947,10076,COMPLETED,2020-04-18 09:00:00,2020-04-18 09:09:35,2020-04-18 16:09:14,2020-04-18 17:11:19,2020-04-18 00:00:00
212200,2442054754,10064,COMPLETED,2020-04-20 08:30:00,2020-04-20 11:26:05,2020-04-20 14:56:58,2020-04-20 19:20:21,2020-04-20 00:00:00
212191,157529081,10062,COMPLETED,2020-04-18 07:30:00,2020-04-18 10:20:11,2020-04-18 13:32:40,2020-04-18 16:07:16,2020-04-18 00:00:00
212172,3361728550,10078,COMPLETED,2020-04-18 10:15:00,2020-04-18 04:10:14,2020-04-18 16:43:11,2020-04-18 17:59:52,2020-04-18 00:00:00
212168,1591166790,10071,COMPLETED,2020-04-18 07:30:00,2020-04-18 10:23:51,2020-04-18 11:12:30,2020-04-18 16:44:22,2020-04-18 00:00:00
212165,3711512393,10071,COMPLETED,2020-04-18 07:30:00,2020-04-18 10:13:53,2020-04-18 11:23:01,2020-04-18 16:14:09,2020-04-18 00:00:00
212161,1987521537,10065,NOT_STARTED,2020-04-18 15:00:00,,2020-04-18 18:12:42,,2020-04-18 00:00:00
212160,2197475293,10065,COMPLETED,2020-04-18 15:00:00,2020-04-18 17:00:28,2020-04-18 17:17:19,2020-04-19 16:53:13,2020-04-18 00:00:00
212158,3007943781,10065,COMPLETED,2020-04-18 06:30:00,2020-04-18 09:37:39,2020-04-18 12:54:01,2020-04-18 14:10:18,2020-04-18 00:00:00
212147,1676048531,10076,COMPLETED,2020-04-17 09:30:00,2020-04-17 09:39:37,2020-04-17 10:29:27,2020-04-17 16:21:51,2020-04-17 00:00:00
212140,3707029121,10076,COMPLETED,2020-04-17 09:00:00,2020-04-17 09:32:39,2020-04-17 15:17:11,2020-04-17 15:57:32,2020-04-17 00:00:00
212139,3214618218,10076,COMPLETED,2020-04-17 09:00:00,2020-04-17 09:30:18,2020-04-17 16:11:53,2020-04-17 18:04:43,2020-04-17 00:00:00
212138,2572377683,10076,COMPLETED,2020-04-17 09:00:00,2020-04-17 10:20:41,2020-04-17 15:56:34,2020-04-17 18:04:28,2020-04-17 00:00:00
212137,2137759208,10076,COMPLETED,2020-04-17 09:00:00,2020-04-17 09:36:04,2020-04-17 14:39:17,2020-04-17 17:31:27,2020-04-17 00:00:00
212134,160038947,10076,COMPLETED,2020-04-17 09:00:00,2020-04-17 09:32:47,2020-04-17 10:58:22,2020-04-17 16:33:13,2020-04-17 00:00:00
212129,2738738514,10077,COMPLETED,2020-04-17 09:30:00,2020-04-17 09:06:23,2020-04-17 15:56:10,2020-04-17 17:25:10,2020-04-17 00:00:00
212127,535287789,10077,COMPLETED,2020-04-17 09:30:00,2020-04-17 09:40:04,2020-04-17 15:44:01,2020-04-17 17:25:44,2020-04-17 00:00:00
212125,104955182,10078,COMPLETED,2020-04-17 10:15:00,2020-04-17 04:07:46,2020-04-17 17:07:46,2020-04-17 18:05:38,2020-04-17 00:00:00
212121,1110709662,10078,COMPLETED,2020-04-17 10:15:00,2020-04-17 10:59:26,2020-04-17 17:43:39,2020-04-17 18:39:56,2020-04-17 00:00:00
212120,4122634461,10078,COMPLETED,2020-04-17 09:15:00,2020-04-17 04:04:49,2020-04-17 14:43:21,2020-04-18 01:06:55,2020-04-17 00:00:00
212115,3769879272,10050,COMPLETED,2020-04-17 12:30:00,2020-04-17 12:19:12,2020-04-17 15:39:56,2020-04-17 19:06:24,2020-04-17 00:00:00
212111,863431764,10078,COMPLETED,2020-04-17 10:20:00,2020-04-17 13:19:11,2020-04-17 22:24:26,2020-04-18 16:47:17,2020-04-17 00:00:00
212110,3789004744,10078,COMPLETED,2020-04-17 10:15:00,2020-04-17 15:10:57,2020-04-18 16:16:38,2020-04-20 09:47:48,2020-04-17 00:00:00
212109,347500140,10063,COMPLETED,2020-04-17 07:30:00,2020-04-17 10:44:14,2020-04-17 15:01:00,2020-04-17 20:04:14,2020-04-17 00:00:00
212086,2762103811,10062,COMPLETED,2020-04-17 07:30:00,2020-04-17 10:14:46,2020-04-17 08:43:35,2020-04-17 19:13:55,2020-04-17 00:00:00
212075,2923910291,10078,COMPLETED,2020-04-17 10:20:00,2020-04-17 17:36:54,2020-04-17 20:21:19,2020-04-20 11:16:05,2020-04-17 00:00:00
212060,3127463195,10059,COMPLETED,2020-04-17 11:00:00,2020-04-17 11:17:52,2020-04-17 20:51:12,2020-04-20 11:16:10,2020-04-17 00:00:00
212057,133637682,10059,COMPLETED,2020-04-17 11:00:00,2020-04-17 09:36:57,2020-04-17 17:02:04,2020-04-17 18:40:39,2020-04-17 00:00:00
212055,943535289,10059,COMPLETED,2020-04-17 10:00:00,2020-04-17 09:33:41,2020-04-17 15:42:59,2020-04-17 15:23:08,2020-04-17 00:00:00
212053,2028526064,10059,COMPLETED,2020-04-17 10:00:00,2020-04-17 10:16:19,2020-04-17 20:07:31,2020-04-17 20:32:35,2020-04-17 00:00:00
212051,2272523408,10059,COMPLETED,2020-04-17 11:00:00,2020-04-17 09:39:56,2020-04-17 17:04:43,2020-04-17 19:30:15,2020-04-17 00:00:00
212046,4199801726,10072,COMPLETED,2020-04-17 08:30:00,2020-04-17 12:18:20,2020-04-17 09:29:54,2020-04-17 21:41:43,2020-04-17 00:00:00
212040,3698923553,10057,COMPLETED,2020-04-17 10:00:00,2020-04-17 09:40:18,2020-04-17 18:54:46,2020-04-17 17:13:37,2020-04-17 00:00:00
212039,1460877436,10057,COMPLETED,2020-04-17 10:00:00,2020-04-17 09:37:57,2020-04-17 16:30:46,2020-04-17 17:58:57,2020-04-17 00:00:00
212038,3528007546,10057,COMPLETED,2020-04-17 10:00:00,2020-04-17 09:37:30,2020-04-17 17:18:54,2020-04-17 17:22:22,2020-04-17 00:00:00
212037,701392427,10057,COMPLETED,2020-04-17 10:30:00,2020-04-17 10:24:09,2020-04-17 11:23:51,2020-04-20 10:47:49,2020-04-17 00:00:00
212036,2846267794,10057,COMPLETED,2020-04-17 10:30:00,2020-04-17 10:22:36,2020-04-17 15:22:35,2020-04-17 19:18:08,2020-04-17 00:00:00
212034,1013993921,10057,COMPLETED,2020-04-17 11:00:00,2020-04-16 20:28:43,2020-04-17 17:55:57,2020-04-17 17:35:49,2020-04-17 00:00:00
212024,418348670,10049,COMPLETED,2020-04-17 10:30:00,2020-04-16 18:59:00,2020-04-17 19:07:09,2020-04-20 20:21:50,2020-04-17 00:00:00
212023,2152836763,10049,COMPLETED,2020-04-17 11:00:00,2020-04-17 17:05:47,2020-04-17 14:40:45,2020-04-17 21:40:36,2020-04-17 00:00:00
212022,587711803,10072,COMPLETED,2020-04-17 08:00:00,2020-04-16 17:41:51,2020-04-18 04:34:53,2020-04-20 10:07:07,2020-04-17 00:00:00
212020,353330910,10046,COMPLETED,2020-04-16 10:00:00,2020-04-16 17:11:47,2020-04-16 13:34:35,2020-04-17 16:24:57,2020-04-16 00:00:00
212018,2866087569,10160,COMPLETED,2020-04-17 07:00:00,2020-04-17 12:36:48,2020-04-17 08:09:55,2020-04-17 19:05:40,2020-04-17 00:00:00
212017,294579723,10160,COMPLETED,2020-04-17 07:00:00,2020-04-17 09:32:00,2020-04-17 07:56:23,2020-04-17 16:48:11,2020-04-17 00:00:00
212016,4002589844,10160,COMPLETED,2020-04-17 07:00:00,2020-04-17 12:02:30,2020-04-17 10:35:58,2020-04-17 18:59:37,2020-04-17 00:00:00
212009,1259570093,10160,COMPLETED,2020-04-17 07:00:00,2020-04-17 12:46:33,2020-04-17 07:46:29,2020-04-17 19:26:15,2020-04-17 00:00:00
212004,4043493842,10058,COMPLETED,2020-04-16 10:00:00,2020-04-16 10:22:47,2020-04-16 19:47:41,2020-04-16 20:31:20,2020-04-16 00:00:00
212001,924372736,10058,COMPLETED,2020-04-16 10:00:00,2020-04-16 10:29:15,2020-04-17 03:20:44,2020-04-17 20:15:02,2020-04-16 00:00:00
211998,3287310787,10062,COMPLETED,2020-04-16 15:30:00,2020-04-17 09:52:51,2020-04-17 13:17:43,2020-04-17 18:10:53,2020-04-16 00:00:00
211996,1813046732,10059,COMPLETED,2020-04-16 11:00:00,2020-04-16 11:56:48,2020-04-17 12:30:03,2020-04-20 11:16:14,2020-04-16 00:00:00
211995,880016880,10059,COMPLETED,2020-04-16 11:00:00,2020-04-16 12:30:09,2020-04-16 14:55:49,2020-04-16 20:25:12,2020-04-16 00:00:00
211994,4159868044,10059,COMPLETED,2020-04-16 11:00:00,2020-04-16 11:11:01,2020-04-16 12:12:35,2020-04-17 10:40:54,2020-04-16 00:00:00
211993,1604930222,10059,COMPLETED,2020-04-16 17:00:00,2020-04-16 17:29:48,2020-04-16 21:06:41,2020-04-16 20:56:17,2020-04-16 00:00:00
211992,1523326839,10059,COMPLETED,2020-04-16 11:00:00,2020-04-16 10:08:59,2020-04-16 17:22:36,2020-04-16 16:59:51,2020-04-16 00:00:00
211991,943535289,10059,COMPLETED,2020-04-16 10:00:00,2020-04-16 09:32:37,2020-04-16 10:51:12,2020-04-16 15:05:18,2020-04-16 00:00:00
211990,791073506,10059,COMPLETED,2020-04-16 10:00:00,2020-04-16 09:35:54,2020-04-16 15:23:10,2020-04-16 14:45:28,2020-04-16 00:00:00
211989,3251464758,10059,COMPLETED,2020-04-16 11:00:00,2020-04-16 10:05:47,2020-04-16 19:01:17,2020-04-16 18:40:57,2020-04-16 00:00:00
211988,4111239093,10059,COMPLETED,2020-04-16 11:00:00,2020-04-16 10:30:16,2020-04-16 19:50:19,2020-04-16 20:00:34,2020-04-16 00:00:00
211987,3343530253,10059,COMPLETED,2020-04-16 11:00:00,2020-04-16 09:58:01,2020-04-16 19:28:54,2020-04-16 17:22:39,2020-04-16 00:00:00
211986,1685047183,10059,COMPLETED,2020-04-16 11:00:00,2020-04-16 09:59:09,2020-04-16 22:13:06,2020-04-17 14:23:13,2020-04-16 00:00:00
211985,3346818796,10059,COMPLETED,2020-04-16 11:00:00,2020-04-16 11:58:51,2020-04-17 05:37:32,2020-04-18 15:15:03,2020-04-16 00:00:00
211984,4273957850,10059,COMPLETED,2020-04-16 11:00:00,2020-04-16 11:28:47,2020-04-16 19:18:58,2020-04-16 21:08:26,2020-04-16 00:00:00
211983,3112162348,10059,COMPLETED,2020-04-16 11:00:00,2020-04-16 11:16:18,2020-04-17 03:44:02,2020-04-18 10:50:00,2020-04-16 00:00:00
211982,3806984595,10059,COMPLETED,2020-04-16 11:00:00,2020-04-16 14:05:08,2020-04-16 19:41:40,2020-04-17 19:33:00,2020-04-16 00:00:00
211980,1464180927,10062,COMPLETED,2020-04-16 07:30:00,2020-04-16 09:59:25,2020-04-18 12:26:13,2020-04-18 13:19:44,2020-04-16 00:00:00
211979,1162287828,10062,COMPLETED,2020-04-16 10:30:00,2020-04-16 10:24:31,2020-04-17 14:20:15,2020-04-17 19:00:24,2020-04-16 00:00:00
211978,3635107556,10062,COMPLETED,2020-04-16 07:30:00,2020-04-16 10:19:50,2020-04-16 15:19:00,2020-04-16 20:25:08,2020-04-16 00:00:00
211977,154126692,10062,COMPLETED,2020-04-16 07:30:00,2020-04-16 10:07:37,2020-04-16 14:34:03,2020-04-16 18:27:15,2020-04-16 00:00:00
211975,4138514352,10062,COMPLETED,2020-04-16 07:30:00,2020-04-16 10:36:25,2020-04-17 14:24:44,2020-04-18 13:56:57,2020-04-16 00:00:00
211965,2942044491,10078,COMPLETED,2020-04-16 09:15:00,2020-04-16 09:08:45,2020-04-16 11:39:31,2020-04-16 15:59:32,2020-04-16 00:00:00
211958,863431764,10078,COMPLETED,2020-04-16 10:20:00,2020-04-16 10:56:33,2020-04-16 16:02:27,2020-04-17 12:16:47,2020-04-16 00:00:00
211954,4098255687,10050,COMPLETED,2020-04-16 13:30:00,2020-04-16 15:42:34,2020-04-17 09:14:10,2020-04-20 11:13:03,2020-04-16 00:00:00
211952,3611349481,10071,NOT_STARTED,2020-04-16 07:30:00,,2020-04-16 15:24:49,,2020-04-16 00:00:00
211950,89163029,10071,COMPLETED,2020-04-16 07:30:00,2020-04-16 10:41:58,2020-04-16 11:56:53,2020-04-16 17:22:19,2020-04-16 00:00:00
211947,3293082486,10071,COMPLETED,2020-04-16 07:30:00,2020-04-16 10:44:05,2020-04-17 10:27:15,2020-04-16 18:13:00,2020-04-16 00:00:00
211944,2498977667,10049,COMPLETED,2020-04-16 11:30:00,2020-04-16 10:03:23,2020-04-16 18:26:29,2020-04-16 18:57:26,2020-04-16 00:00:00
211942,1194626208,10049,COMPLETED,2020-04-16 11:30:00,2020-04-16 10:17:17,2020-04-17 10:47:11,2020-04-17 17:40:05,2020-04-16 00:00:00
211941,1140508764,10049,COMPLETED,2020-04-16 11:30:00,2020-04-16 11:15:37,2020-04-16 16:18:46,2020-04-16 18:17:04,2020-04-16 00:00:00
211939,722061671,10049,COMPLETED,2020-04-16 11:30:00,2020-04-16 10:56:10,2020-04-16 18:06:45,2020-04-16 17:14:31,2020-04-16 00:00:00
211938,129877424,10053,COMPLETED,2020-04-16 18:30:00,2020-04-16 18:40:51,2020-04-16 22:41:20,2020-04-17 02:40:40,2020-04-16 00:00:00
211937,4033614906,10053,COMPLETED,2020-04-16 10:15:00,2020-04-16 10:27:46,2020-04-17 19:53:30,2020-04-17 19:48:35,2020-04-16 00:00:00
211936,3038304923,10053,COMPLETED,2020-04-16 10:30:00,2020-04-16 10:33:31,2020-04-16 17:00:15,2020-04-16 18:51:20,2020-04-16 00:00:00
211935,2583843798,10053,COMPLETED,2020-04-16 10:00:00,2020-04-16 10:37:05,2020-04-16 12:29:40,2020-04-16 19:19:03,2020-04-16 00:00:00
211934,712656806,10053,COMPLETED,2020-04-16 10:00:00,2020-04-16 10:25:45,2020-04-16 18:47:14,2020-04-16 18:54:21,2020-04-16 00:00:00
211932,1284405958,10053,COMPLETED,2020-04-16 10:00:00,2020-04-16 10:32:07,2020-04-16 17:29:58,2020-04-16 19:19:08,2020-04-16 00:00:00
211931,2915476185,10053,COMPLETED,2020-04-16 09:15:00,2020-04-16 10:34:40,2020-04-16 18:28:09,2020-04-17 19:27:52,2020-04-16 00:00:00
211930,690718928,10053,COMPLETED,2020-04-16 10:30:00,2020-04-16 10:01:21,2020-04-18 02:21:49,2020-04-17 19:15:21,2020-04-16 00:00:00
211929,4256665708,10053,COMPLETED,2020-04-16 10:00:00,2020-04-16 10:44:10,2020-04-16 18:16:19,2020-04-16 19:18:22,2020-04-16 00:00:00
211927,2248438941,10080,COMPLETED,2020-04-16 11:00:00,2020-04-16 11:07:44,2020-04-16 18:09:09,2020-04-18 09:06:56,2020-04-16 00:00:00
211925,2504479220,10080,COMPLETED,2020-04-16 09:00:00,2020-04-15 21:19:53,2020-04-16 10:54:53,2020-04-16 22:23:19,2020-04-16 00:00:00
211924,1969454184,10080,COMPLETED,2020-04-16 10:00:00,2020-04-16 09:56:20,2020-04-16 21:12:42,2020-04-16 19:07:27,2020-04-16 00:00:00
211922,2747034179,10080,COMPLETED,2020-04-16 09:00:00,2020-04-16 12:00:00,2020-04-17 09:25:46,2020-04-17 22:27:41,2020-04-16 00:00:00
211921,315696525,10080,COMPLETED,2020-04-16 10:00:00,2020-04-16 10:32:19,2020-04-16 17:42:48,2020-04-16 19:31:52,2020-04-16 00:00:00
211920,4280621514,10080,COMPLETED,2020-04-16 10:00:00,2020-04-16 09:10:39,2020-04-16 18:06:46,2020-04-16 17:37:08,2020-04-16 00:00:00
211913,3395742657,10076,COMPLETED,2020-04-16 09:00:00,2020-04-16 11:52:59,2020-04-16 14:18:32,2020-04-16 17:59:23,2020-04-16 00:00:00
211907,1503002414,10076,COMPLETED,2020-04-16 09:30:00,2020-04-16 10:00:09,2020-04-16 11:47:27,2020-04-16 16:00:20,2020-04-16 00:00:00
211904,3858811040,10047,COMPLETED,2020-04-16 10:00:00,2020-04-16 11:26:46,2020-04-16 14:35:56,2020-04-20 21:21:00,2020-04-16 00:00:00
211903,1139170042,10077,COMPLETED,2020-04-16 08:00:00,2020-04-16 07:39:17,2020-04-16 18:18:47,2020-04-17 18:44:20,2020-04-16 00:00:00
211902,1423883401,10077,COMPLETED,2020-04-16 08:00:00,2020-04-16 10:57:55,2020-04-16 19:07:44,2020-04-16 13:23:00,2020-04-16 00:00:00
211901,2826876989,10077,COMPLETED,2020-04-16 08:00:00,2020-04-16 07:41:12,2020-04-16 14:58:20,2020-04-16 15:16:39,2020-04-16 00:00:00
211897,535287789,10077,COMPLETED,2020-04-16 09:30:00,2020-04-16 09:27:04,2020-04-16 16:58:43,2020-04-16 17:51:25,2020-04-16 00:00:00
211894,1469614963,10072,COMPLETED,2020-04-16 08:00:00,2020-04-16 10:51:50,2020-04-16 16:34:17,2020-04-17 09:37:25,2020-04-16 00:00:00
211892,701392427,10057,COMPLETED,2020-04-16 10:30:00,2020-04-16 10:57:40,2020-04-16 18:52:20,2020-04-16 18:25:35,2020-04-16 00:00:00
211889,2815217037,10057,COMPLETED,2020-04-16 10:45:00,2020-04-16 10:18:31,2020-04-16 19:06:41,2020-04-16 18:14:03,2020-04-16 00:00:00
211887,2534098573,10057,COMPLETED,2020-04-16 10:00:00,2020-04-16 09:36:06,2020-04-16 18:48:12,2020-04-16 18:04:06,2020-04-16 00:00:00
211880,3556997537,10079,COMPLETED,2020-04-16 10:30:00,2020-04-16 10:58:44,2020-04-16 13:44:28,2020-04-16 20:16:47,2020-04-16 00:00:00
211877,2310821062,10079,COMPLETED,2020-04-16 10:00:00,2020-04-16 11:33:54,2020-04-16 18:51:15,2020-04-17 20:21:38,2020-04-16 00:00:00
211875,1987521537,10065,COMPLETED,2020-04-16 15:00:00,2020-04-16 17:19:33,2020-04-16 19:01:49,2020-04-16 22:10:29,2020-04-16 00:00:00
211872,1304114480,10065,COMPLETED,2020-04-16 06:30:00,2020-04-16 09:41:38,2020-04-16 12:08:25,2020-04-16 15:21:44,2020-04-16 00:00:00
211871,585343141,10065,COMPLETED,2020-04-16 06:30:00,2020-04-16 09:39:12,2020-04-16 13:28:20,2020-04-16 14:58:45,2020-04-16 00:00:00
211862,3484231149,10078,COMPLETED,2020-04-16 10:20:00,2020-04-16 10:23:09,2020-04-17 14:50:28,2020-04-17 20:19:25,2020-04-16 00:00:00
211854,3265967587,10062,COMPLETED,2020-04-15 16:30:00,2020-04-15 17:33:17,2020-04-15 20:43:09,2020-04-15 22:08:04,2020-04-15 00:00:00
211843,1259570093,10160,COMPLETED,2020-04-16 07:00:00,2020-04-16 11:55:53,2020-04-16 10:42:30,2020-04-16 20:00:18,2020-04-16 00:00:00
211842,1617280901,10076,COMPLETED,2020-04-15 23:12:00,2020-04-15 19:34:55,2020-04-16 07:50:21,2020-04-16 07:07:15,2020-04-15 00:00:00
211837,231676629,10062,COMPLETED,2020-04-15 07:30:00,2020-04-15 10:12:22,2020-04-16 15:39:42,2020-04-16 19:58:02,2020-04-15 00:00:00
211836,2258697620,10062,COMPLETED,2020-04-15 07:30:00,2020-04-15 10:55:22,2020-04-15 13:27:00,2020-04-15 19:14:28,2020-04-15 00:00:00
211835,2902659269,10062,COMPLETED,2020-04-15 07:30:00,2020-04-15 10:18:54,2020-04-15 08:57:03,2020-04-16 09:30:00,2020-04-15 00:00:00
211830,3835825158,10062,COMPLETED,2020-04-15 07:30:00,2020-04-15 10:22:18,2020-04-15 13:47:42,2020-04-15 17:25:55,2020-04-15 00:00:00
211829,157529081,10062,COMPLETED,2020-04-15 07:30:00,2020-04-15 10:11:05,2020-04-15 09:47:28,2020-04-15 18:06:38,2020-04-15 00:00:00
211828,3652489633,10062,COMPLETED,2020-04-15 07:30:00,2020-04-15 10:09:59,2020-04-15 08:47:52,2020-04-15 18:15:54,2020-04-15 00:00:00
211826,159024525,10050,COMPLETED,2020-04-15 12:30:00,2020-04-15 12:36:00,2020-04-15 16:37:49,2020-04-17 11:26:01,2020-04-15 00:00:00
211825,4273942444,10050,COMPLETED,2020-04-15 12:30:00,2020-04-15 12:38:42,2020-04-15 20:05:36,2020-04-15 19:40:10,2020-04-15 00:00:00
211819,1029808147,10059,COMPLETED,2020-04-15 11:00:00,2020-04-15 10:13:06,2020-04-15 18:00:36,2020-04-15 19:02:41,2020-04-15 00:00:00
211816,2809068335,10059,COMPLETED,2020-04-15 11:00:00,2020-04-15 10:13:54,2020-04-15 17:53:58,2020-04-15 18:26:12,2020-04-15 00:00:00
211807,4273957850,10059,COMPLETED,2020-04-15 11:00:00,2020-04-15 11:59:51,2020-04-15 21:57:08,2020-04-15 19:40:32,2020-04-15 00:00:00
211803,3359183032,10080,COMPLETED,2020-04-15 07:00:00,2020-04-15 09:11:54,2020-04-15 15:42:56,2020-04-15 17:01:23,2020-04-15 00:00:00
211797,2747034179,10080,COMPLETED,2020-04-15 06:00:00,2020-04-15 09:25:06,2020-04-15 13:49:32,2020-04-15 20:31:18,2020-04-15 00:00:00
211743,3849171114,10076,COMPLETED,2020-04-15 09:30:00,2020-04-15 09:32:07,2020-04-15 16:33:05,2020-04-15 16:58:30,2020-04-15 00:00:00
211739,3276711787,10076,COMPLETED,2020-04-15 09:30:00,2020-04-15 09:31:04,2020-04-15 16:52:01,2020-04-15 17:15:26,2020-04-15 00:00:00
211736,2572377683,10076,COMPLETED,2020-04-15 09:00:00,2020-04-15 10:34:22,2020-04-15 21:53:43,2020-04-16 18:15:10,2020-04-15 00:00:00
211734,1191646472,10076,COMPLETED,2020-04-15 09:00:00,2020-04-15 09:28:53,2020-04-15 14:50:53,2020-04-15 17:59:34,2020-04-15 00:00:00
211732,160038947,10076,COMPLETED,2020-04-15 09:00:00,2020-04-15 10:12:10,2020-04-15 15:15:25,2020-04-15 22:33:29,2020-04-15 00:00:00
211724,2226536633,10057,COMPLETED,2020-04-15 10:45:00,2020-04-15 10:49:02,2020-04-15 19:50:22,2020-04-15 20:19:57,2020-04-15 00:00:00
211722,3528007546,10057,COMPLETED,2020-04-15 10:00:00,2020-04-15 09:40:54,2020-04-15 17:59:07,2020-04-15 17:44:35,2020-04-15 00:00:00
211720,108950446,10057,COMPLETED,2020-04-15 10:35:00,2020-04-15 12:45:25,2020-04-15 13:36:34,2020-04-15 19:18:49,2020-04-15 00:00:00
211704,2408107255,10079,COMPLETED,2020-04-15 09:00:00,2020-04-15 14:24:22,2020-04-16 05:15:39,2020-04-17 18:33:17,2020-04-15 00:00:00
211699,3567332488,10065,COMPLETED,2020-04-15 14:30:00,2020-04-15 17:24:40,2020-04-15 20:30:42,2020-04-16 00:46:20,2020-04-15 00:00:00
211695,585343141,10065,COMPLETED,2020-04-15 06:30:00,2020-04-15 10:10:31,2020-04-15 13:42:58,2020-04-15 16:01:35,2020-04-15 00:00:00
211688,2866087569,10160,COMPLETED,2020-04-15 07:00:00,2020-04-15 09:47:28,2020-04-15 12:57:37,2020-04-15 16:48:00,2020-04-15 00:00:00
211678,1474999003,10046,COMPLETED,2020-04-14 10:00:00,2020-04-14 18:30:15,2020-04-14 12:24:27,2020-04-15 17:52:37,2020-04-14 00:00:00
211654,2258697620,10062,COMPLETED,2020-04-14 12:30:00,2020-04-15 10:29:17,2020-04-16 12:11:01,2020-04-16 20:37:11,2020-04-14 00:00:00
211649,3835825158,10062,COMPLETED,2020-04-14 07:30:00,2020-04-14 10:08:30,2020-04-14 11:50:40,2020-04-14 16:56:10,2020-04-14 00:00:00
211644,3420140511,10080,COMPLETED,2020-04-14 06:00:00,2020-04-14 09:57:29,2020-04-14 11:48:52,2020-04-14 21:00:30,2020-04-14 00:00:00
211643,2635152434,10080,COMPLETED,2020-04-14 06:00:00,2020-04-15 13:27:31,2020-04-14 06:52:39,2020-04-17 18:44:49,2020-04-14 00:00:00
211641,1969454184,10080,COMPLETED,2020-04-14 07:00:00,2020-04-14 09:49:51,2020-04-14 16:28:15,2020-04-14 21:00:15,2020-04-14 00:00:00
211636,3075515654,10053,COMPLETED,2020-04-14 10:00:00,2020-04-14 10:10:02,2020-04-14 17:51:17,2020-04-14 17:42:16,2020-04-14 00:00:00
211632,559372399,10053,COMPLETED,2020-04-14 10:15:00,2020-04-14 10:13:08,2020-04-14 19:54:19,2020-04-14 17:59:29,2020-04-14 00:00:00
211630,3436573406,10053,COMPLETED,2020-04-14 10:15:00,2020-04-14 10:11:06,2020-04-14 18:17:38,2020-04-14 18:08:21,2020-04-14 00:00:00
211629,2577159899,10059,COMPLETED,2020-04-14 11:00:00,2020-04-14 09:45:35,2020-04-14 11:44:55,2020-04-14 17:28:01,2020-04-14 00:00:00
211626,2517006032,10053,COMPLETED,2020-04-14 10:00:00,2020-04-14 09:58:58,2020-04-14 10:33:00,2020-04-14 18:52:14,2020-04-14 00:00:00
211622,4025522217,10078,COMPLETED,2020-04-14 10:15:00,2020-04-14 09:46:01,2020-04-14 18:57:52,2020-04-14 18:28:33,2020-04-14 00:00:00
211603,3015123461,10076,COMPLETED,2020-04-14 10:00:00,2020-04-14 11:08:59,2020-04-14 20:33:02,2020-04-14 18:52:31,2020-04-14 00:00:00
211599,2633090400,10076,COMPLETED,2020-04-14 09:00:00,2020-04-14 09:29:30,2020-04-14 12:07:01,2020-04-14 18:03:26,2020-04-14 00:00:00
211577,3251464758,10059,COMPLETED,2020-04-14 11:00:00,2020-04-14 09:44:46,2020-04-14 13:20:53,2020-04-14 18:01:33,2020-04-14 00:00:00
211574,863431764,10078,COMPLETED,2020-04-14 10:20:00,2020-04-14 16:01:50,2020-04-14 15:37:10,2020-04-14 23:00:44,2020-04-14 00:00:00
211571,1591166790,10071,COMPLETED,2020-04-14 07:30:00,2020-04-14 10:35:37,2020-04-14 12:11:56,2020-04-14 18:08:46,2020-04-14 00:00:00
211566,2655383255,10077,COMPLETED,2020-04-14 08:00:00,2020-04-14 07:50:38,2020-04-14 15:32:25,2020-04-14 16:55:12,2020-04-14 00:00:00
211565,3158052824,10077,COMPLETED,2020-04-14 08:00:00,2020-04-14 07:44:55,2020-04-14 13:51:36,2020-04-14 17:41:24,2020-04-14 00:00:00
211564,2195685977,10077,COMPLETED,2020-04-14 09:30:00,2020-04-14 09:09:36,2020-04-14 11:59:06,2020-04-14 19:16:39,2020-04-14 00:00:00
211556,4234355650,10080,COMPLETED,2020-04-14 08:00:00,2020-04-14 11:09:46,2020-04-14 10:24:10,2020-04-16 08:55:56,2020-04-14 00:00:00
211554,1506094049,10058,COMPLETED,2020-04-14 10:00:00,2020-04-14 09:42:07,2020-04-14 18:50:40,2020-04-14 21:46:54,2020-04-14 00:00:00
211553,2322607803,10058,COMPLETED,2020-04-14 10:00:00,2020-04-14 09:51:30,2020-04-14 13:06:50,2020-04-16 18:00:14,2020-04-14 00:00:00
211548,107845302,10057,COMPLETED,2020-04-14 10:45:00,2020-04-14 11:20:34,2020-04-14 17:55:09,2020-04-14 20:13:03,2020-04-14 00:00:00
211547,1940937014,10057,COMPLETED,2020-04-14 09:30:00,2020-04-14 09:36:22,2020-04-14 17:34:44,2020-04-14 16:47:51,2020-04-14 00:00:00
211546,1460877436,10057,COMPLETED,2020-04-14 10:00:00,2020-04-14 09:34:27,2020-04-14 16:39:15,2020-04-14 17:20:25,2020-04-14 00:00:00
211545,234890483,10057,COMPLETED,2020-04-14 10:00:00,2020-04-14 09:31:48,2020-04-14 17:53:06,2020-04-15 00:03:00,2020-04-14 00:00:00
211536,3133486718,10079,COMPLETED,2020-04-14 10:30:00,2020-04-14 10:21:33,2020-04-14 13:26:07,2020-04-14 19:22:42,2020-04-14 00:00:00
211535,3556997537,10079,COMPLETED,2020-04-14 10:30:00,2020-04-14 11:15:56,2020-04-14 19:08:42,2020-04-14 20:58:28,2020-04-14 00:00:00
211526,991978774,10160,COMPLETED,2020-04-14 07:00:00,2020-04-14 08:52:40,2020-04-14 14:02:26,2020-04-14 17:36:52,2020-04-14 00:00:00
211525,2866087569,10160,COMPLETED,2020-04-14 07:00:00,2020-04-14 09:39:36,2020-04-14 08:10:40,2020-04-14 16:57:30,2020-04-14 00:00:00
211523,4002589844,10160,COMPLETED,2020-04-14 07:00:00,2020-04-14 09:40:41,2020-04-14 11:01:09,2020-04-14 17:57:49,2020-04-14 00:00:00
211522,2421728479,10160,COMPLETED,2020-04-14 07:00:00,2020-04-14 09:49:26,2020-04-14 09:52:29,2020-04-14 17:10:31,2020-04-14 00:00:00
211517,3544000463,10160,COMPLETED,2020-04-14 07:00:00,2020-04-14 09:39:47,2020-04-14 12:03:33,2020-04-14 16:40:03,2020-04-14 00:00:00
211516,1259570093,10160,COMPLETED,2020-04-14 07:00:00,2020-04-14 10:07:03,2020-04-14 09:08:38,2020-04-14 17:10:25,2020-04-14 00:00:00
211496,2923910291,10078,COMPLETED,2020-04-13 10:20:00,2020-04-13 15:47:35,2020-04-13 18:27:46,2020-04-14 19:39:42,2020-04-13 00:00:00
211495,3626171908,10078,COMPLETED,2020-04-13 10:20:00,2020-04-13 15:05:25,2020-04-14 00:07:58,2020-04-15 14:08:23,2020-04-13 00:00:00
211492,1459721544,10078,COMPLETED,2020-04-13 10:20:00,2020-04-13 09:49:59,2020-04-15 06:58:58,2020-04-14 19:18:14,2020-04-13 00:00:00
211491,2596805626,10078,COMPLETED,2020-04-13 10:20:00,2020-04-13 10:41:16,2020-04-14 18:07:06,2020-04-14 18:04:32,2020-04-13 00:00:00
211484,2663771757,10080,COMPLETED,2020-04-13 10:00:00,2020-04-13 10:09:43,2020-04-13 14:59:57,2020-04-13 18:31:26,2020-04-13 00:00:00
211483,3412882362,10080,COMPLETED,2020-04-13 09:00:00,2020-04-13 09:28:21,2020-04-14 19:02:04,2020-04-14 21:01:00,2020-04-13 00:00:00
211479,3771906727,10080,COMPLETED,2020-04-13 09:00:00,2020-04-13 09:12:51,2020-04-13 16:58:02,2020-04-13 18:04:44,2020-04-13 00:00:00
211476,2747034179,10080,COMPLETED,2020-04-13 09:00:00,2020-04-13 09:36:39,2020-04-14 12:16:39,2020-04-14 22:40:07,2020-04-13 00:00:00
211474,1749667458,10080,COMPLETED,2020-04-13 10:00:00,2020-04-13 10:12:21,2020-04-14 17:05:06,2020-04-14 20:59:16,2020-04-13 00:00:00
211473,3732752740,10080,COMPLETED,2020-04-13 12:30:00,2020-04-13 13:19:34,2020-04-15 04:11:27,2020-04-16 17:49:56,2020-04-13 00:00:00
211415,872207838,10072,COMPLETED,2020-04-13 08:00:00,2020-04-15 12:30:41,2020-04-14 18:34:39,2020-04-17 21:19:14,2020-04-13 00:00:00
211307,1175647785,10065,COMPLETED,2020-04-11 06:30:00,2020-04-11 09:33:25,2020-04-11 13:25:29,2020-04-11 13:34:36,2020-04-11 00:00:00
211258,2546769757,10059,COMPLETED,2020-04-11 11:00:00,2020-04-11 10:38:57,2020-04-11 14:16:12,2020-04-11 13:09:54,2020-04-11 00:00:00
211254,1591166790,10071,COMPLETED,2020-04-11 07:30:00,2020-04-11 10:15:07,2020-04-11 13:56:23,2020-04-11 16:01:49,2020-04-11 00:00:00
211248,1879180626,10049,COMPLETED,2020-04-11 10:00:00,2020-04-11 09:48:40,2020-04-11 18:56:03,2020-04-11 16:29:38,2020-04-11 00:00:00
211247,2754325289,10049,COMPLETED,2020-04-11 10:00:00,2020-04-11 09:01:24,2020-04-11 17:44:22,2020-04-11 19:17:37,2020-04-11 00:00:00
211246,616462057,10049,COMPLETED,2020-04-11 10:00:00,2020-04-11 09:32:41,2020-04-11 15:21:02,2020-04-11 19:23:38,2020-04-11 00:00:00
211243,712656806,10053,COMPLETED,2020-04-11 09:45:00,2020-04-11 10:11:39,2020-04-11 14:09:43,2020-04-11 15:39:42,2020-04-11 00:00:00
211242,2227392060,10053,COMPLETED,2020-04-11 09:45:00,2020-04-11 10:00:18,2020-04-11 13:43:20,2020-04-11 13:02:12,2020-04-11 00:00:00
211233,3657602746,10044,COMPLETED,2020-04-09 10:00:00,2020-04-09 17:04:44,2020-04-09 13:13:20,2020-04-13 14:00:11,2020-04-09 00:00:00
211231,2160266530,10044,COMPLETED,2020-04-13 10:00:00,2020-04-09 18:44:12,2020-04-13 16:33:48,2020-04-15 17:29:40,2020-04-13 00:00:00
211230,3100035139,10062,COMPLETED,2020-04-12 07:30:00,2020-04-12 10:29:57,2020-04-12 13:14:26,2020-04-12 16:27:55,2020-04-12 00:00:00
211229,3148025705,10062,COMPLETED,2020-04-11 07:30:00,2020-04-11 10:26:35,2020-04-11 10:23:09,2020-04-11 14:28:30,2020-04-11 00:00:00
211228,2710067542,10062,COMPLETED,2020-04-11 07:30:00,2020-04-11 10:39:31,2020-04-11 11:32:32,2020-04-11 14:44:39,2020-04-11 00:00:00
211227,2070697384,10062,COMPLETED,2020-04-11 07:30:00,2020-04-11 10:40:44,2020-04-11 13:37:51,2020-04-11 15:47:55,2020-04-11 00:00:00
211223,3898223167,10062,COMPLETED,2020-04-09 16:30:00,2020-04-09 17:30:26,2020-04-09 20:30:13,2020-04-09 21:22:52,2020-04-09 00:00:00
211222,991978774,10160,COMPLETED,2020-04-13 07:00:00,2020-04-13 09:44:46,2020-04-13 14:25:19,2020-04-13 21:27:00,2020-04-13 00:00:00
211221,2866087569,10160,COMPLETED,2020-04-13 07:00:00,2020-04-13 09:37:57,2020-04-13 10:18:58,2020-04-13 16:47:58,2020-04-13 00:00:00
211220,294579723,10160,COMPLETED,2020-04-13 07:00:00,2020-04-13 09:40:08,2020-04-13 16:37:14,2020-04-13 16:11:46,2020-04-13 00:00:00
211219,4002589844,10160,COMPLETED,2020-04-13 07:00:00,2020-04-13 09:43:19,2020-04-13 09:56:12,2020-04-13 15:51:59,2020-04-13 00:00:00
211217,249521004,10160,COMPLETED,2020-04-13 07:00:00,2020-04-13 11:03:06,2020-04-13 10:09:16,2020-04-13 18:40:50,2020-04-13 00:00:00
211216,569618823,10160,COMPLETED,2020-04-13 07:00:00,2020-04-13 10:18:53,2020-04-13 12:42:44,2020-04-13 18:24:54,2020-04-13 00:00:00
211215,2559564246,10160,COMPLETED,2020-04-13 07:00:00,2020-04-13 09:22:27,2020-04-13 14:56:55,2020-04-13 16:01:19,2020-04-13 00:00:00
211210,1944125774,10160,COMPLETED,2020-04-11 07:00:00,2020-04-11 09:23:36,2020-04-11 07:57:45,2020-04-11 15:51:34,2020-04-11 00:00:00
211208,3327922033,10160,COMPLETED,2020-04-11 07:00:00,2020-04-11 10:20:07,2020-04-11 09:05:02,2020-04-11 15:03:31,2020-04-11 00:00:00
211206,1951991756,10160,COMPLETED,2020-04-11 07:00:00,2020-04-11 10:17:55,2020-04-11 10:28:50,2020-04-11 16:58:19,2020-04-11 00:00:00
211204,3032598631,10059,COMPLETED,2020-04-09 11:00:00,2020-04-09 15:36:23,2020-04-09 15:16:26,2020-04-11 11:19:58,2020-04-09 00:00:00
211198,4122634461,10078,COMPLETED,2020-04-09 09:15:00,2020-04-09 08:52:59,2020-04-09 16:31:52,2020-04-09 16:02:00,2020-04-09 00:00:00
211194,3517259824,10078,COMPLETED,2020-04-09 10:20:00,2020-04-09 16:14:26,2020-04-09 17:30:45,2020-04-18 14:58:00,2020-04-09 00:00:00
211193,2596805626,10078,COMPLETED,2020-04-09 10:20:00,2020-04-09 15:35:02,2020-04-09 19:51:43,2020-04-11 18:11:49,2020-04-09 00:00:00
211191,3484231149,10078,COMPLETED,2020-04-09 10:20:00,2020-04-11 12:10:26,2020-04-09 21:17:34,2020-04-11 20:55:53,2020-04-09 00:00:00
211190,3849171114,10076,COMPLETED,2020-04-09 09:30:00,2020-04-09 09:29:51,2020-04-09 12:29:48,2020-04-09 18:13:25,2020-04-09 00:00:00
211189,2978669704,10076,COMPLETED,2020-04-09 09:30:00,2020-04-09 09:50:47,2020-04-09 10:30:58,2020-04-09 18:16:07,2020-04-09 00:00:00
211145,2227392060,10053,COMPLETED,2020-04-09 10:30:00,2020-04-09 09:56:56,2020-04-09 11:13:21,2020-04-09 19:48:55,2020-04-09 00:00:00
211143,2517006032,10053,COMPLETED,2020-04-09 10:00:00,2020-04-09 10:05:04,2020-04-09 14:52:36,2020-04-09 19:24:18,2020-04-09 00:00:00
211129,1140508764,10049,COMPLETED,2020-04-09 12:00:00,2020-04-09 10:28:31,2020-04-09 16:57:32,2020-04-10 10:02:20,2020-04-09 00:00:00
211128,3822216643,10049,COMPLETED,2020-04-09 12:00:00,2020-04-09 10:19:18,2020-04-09 16:22:28,2020-04-09 21:21:47,2020-04-09 00:00:00
211126,722061671,10049,COMPLETED,2020-04-09 12:00:00,2020-04-09 09:46:26,2020-04-09 17:15:53,2020-04-09 19:01:11,2020-04-09 00:00:00
211121,471997688,10058,COMPLETED,2020-04-09 10:00:00,2020-04-09 10:12:03,2020-04-09 19:09:11,2020-04-09 20:32:48,2020-04-09 00:00:00
211120,309545676,10058,COMPLETED,2020-04-09 10:00:00,2020-04-09 10:06:23,2020-04-09 22:31:52,2020-04-10 14:01:39,2020-04-09 00:00:00
211117,2948058588,10079,COMPLETED,2020-04-09 10:30:00,2020-04-09 10:56:02,2020-04-09 19:55:39,2020-04-10 17:33:05,2020-04-09 00:00:00
211116,3133486718,10079,COMPLETED,2020-04-09 10:30:00,2020-04-09 10:23:39,2020-04-09 19:34:55,2020-04-09 19:35:48,2020-04-09 00:00:00
211114,1227058469,10079,COMPLETED,2020-04-09 10:30:00,2020-04-09 11:25:40,2020-04-09 18:24:13,2020-04-09 20:52:10,2020-04-09 00:00:00
211113,3073778473,10079,COMPLETED,2020-04-09 10:30:00,2020-04-09 10:21:55,2020-04-09 11:14:06,2020-04-09 19:09:21,2020-04-09 00:00:00
211112,2788008434,10079,COMPLETED,2020-04-09 15:30:00,2020-04-09 16:28:46,2020-04-09 16:06:53,2020-04-11 11:09:10,2020-04-09 00:00:00
211107,1604930222,10059,COMPLETED,2020-04-09 17:00:00,2020-04-09 16:15:38,2020-04-09 20:36:01,2020-04-09 21:39:57,2020-04-09 00:00:00
211101,4217815284,10059,COMPLETED,2020-04-09 11:00:00,2020-04-09 11:10:42,2020-04-09 20:22:31,2020-04-09 20:32:07,2020-04-09 00:00:00
211095,701392427,10057,COMPLETED,2020-04-09 10:30:00,2020-04-09 10:25:41,2020-04-09 19:53:47,2020-04-09 19:38:13,2020-04-09 00:00:00
211094,2846267794,10057,COMPLETED,2020-04-09 10:30:00,2020-04-09 10:23:14,2020-04-09 11:41:07,2020-04-11 13:01:29,2020-04-09 00:00:00
211093,3780341903,10072,COMPLETED,2020-04-09 08:00:00,2020-04-09 11:35:03,2020-04-09 16:57:48,2020-04-09 20:32:12,2020-04-09 00:00:00
211092,1469614963,10072,COMPLETED,2020-04-09 08:00:00,2020-04-09 10:50:32,2020-04-09 16:25:48,2020-04-09 19:18:39,2020-04-09 00:00:00
211089,3711512393,10071,COMPLETED,2020-04-09 07:30:00,2020-04-09 11:24:09,2020-04-09 11:54:03,2020-04-09 17:05:57,2020-04-09 00:00:00
211088,89163029,10071,COMPLETED,2020-04-09 07:30:00,2020-04-09 10:26:09,2020-04-09 14:35:22,2020-04-09 18:28:04,2020-04-09 00:00:00
211087,1113330855,10071,COMPLETED,2020-04-09 07:30:00,2020-04-09 10:55:08,2020-04-09 13:30:58,2020-04-09 19:13:52,2020-04-09 00:00:00
211084,3770030634,10065,COMPLETED,2020-04-09 14:30:00,2020-04-09 19:03:39,2020-04-09 19:57:29,2020-04-10 01:24:27,2020-04-09 00:00:00
211083,2958766352,10065,COMPLETED,2020-04-09 15:00:00,2020-04-09 18:30:43,2020-04-09 20:33:25,2020-04-10 01:01:49,2020-04-09 00:00:00
211082,826037145,10065,COMPLETED,2020-04-09 06:30:00,2020-04-09 09:42:42,2020-04-09 13:58:09,2020-04-09 15:47:00,2020-04-09 00:00:00
211068,3790565749,10057,COMPLETED,2020-04-09 11:00:00,2020-04-08 20:27:59,2020-04-09 22:26:07,2020-04-09 18:51:30,2020-04-09 00:00:00
211067,86854279,10057,COMPLETED,2020-04-09 11:00:00,2020-04-08 20:51:37,2020-04-09 14:28:16,2020-04-09 19:52:41,2020-04-09 00:00:00
211066,865953466,10057,COMPLETED,2020-04-09 11:00:00,2020-04-08 20:36:03,2020-04-09 18:30:23,2020-04-09 18:44:02,2020-04-09 00:00:00
211060,2923910291,10078,COMPLETED,2020-04-08 18:20:00,2020-04-08 18:55:23,2020-04-09 06:16:55,2020-04-09 20:00:08,2020-04-08 00:00:00
211059,3014200273,10064,COMPLETED,2020-04-08 16:30:00,2020-04-09 08:23:00,2020-04-08 17:14:28,2020-04-11 12:15:00,2020-04-08 00:00:00
211058,2459604693,10045,COMPLETED,2020-04-09 10:00:00,2020-04-09 10:22:49,2020-04-09 22:13:05,2020-04-11 15:35:45,2020-04-09 00:00:00
211051,2866087569,10160,COMPLETED,2020-04-09 07:00:00,2020-04-09 09:33:41,2020-04-09 09:24:58,2020-04-09 15:27:30,2020-04-09 00:00:00
211050,294579723,10160,COMPLETED,2020-04-09 07:00:00,2020-04-09 09:41:52,2020-04-10 00:03:09,2020-04-09 16:02:14,2020-04-09 00:00:00
211049,4002589844,10160,COMPLETED,2020-04-09 07:00:00,2020-04-09 09:37:56,2020-04-09 08:03:52,2020-04-09 17:06:32,2020-04-09 00:00:00
211048,2421728479,10160,COMPLETED,2020-04-09 07:00:00,2020-04-09 12:24:55,2020-04-09 08:39:49,2020-04-09 18:34:53,2020-04-09 00:00:00
211047,249521004,10160,COMPLETED,2020-04-09 07:00:00,2020-04-09 12:44:57,2020-04-09 08:18:58,2020-04-09 19:00:51,2020-04-09 00:00:00
211045,2559564246,10160,COMPLETED,2020-04-09 07:00:00,2020-04-09 09:36:12,2020-04-10 00:27:52,2020-04-09 15:54:45,2020-04-09 00:00:00
211036,3433920114,10046,COMPLETED,2020-04-08 10:00:00,2020-04-08 11:34:18,2020-04-09 06:23:50,2020-04-14 13:29:48,2020-04-08 00:00:00
211035,353330910,10046,COMPLETED,2020-04-08 10:00:00,2020-04-08 10:36:40,2020-04-08 11:47:00,2020-04-09 19:25:03,2020-04-08 00:00:00
211021,3470082295,10078,COMPLETED,2020-04-08 10:15:00,2020-04-08 09:40:33,2020-04-09 16:31:15,2020-04-09 18:04:10,2020-04-08 00:00:00
211020,3517259824,10078,COMPLETED,2020-04-08 10:20:00,2020-04-08 10:41:56,2020-04-09 19:40:02,2020-04-09 14:24:14,2020-04-08 00:00:00
211019,3555024939,10078,COMPLETED,2020-04-08 10:20:00,2020-04-08 10:39:26,2020-04-08 16:56:52,2020-04-09 15:49:42,2020-04-08 00:00:00
211018,1459721544,10078,COMPLETED,2020-04-08 10:20:00,2020-04-08 10:04:30,2020-04-08 10:58:04,2020-04-09 21:05:42,2020-04-08 00:00:00
211017,863431764,10078,COMPLETED,2020-04-08 10:20:00,2020-04-08 10:57:07,2020-04-08 20:24:58,2020-04-08 19:15:03,2020-04-08 00:00:00
211016,556730714,10078,COMPLETED,2020-04-08 10:15:00,2020-04-08 09:03:29,2020-04-08 18:41:52,2020-04-08 17:41:32,2020-04-08 00:00:00
211015,104955182,10078,COMPLETED,2020-04-08 10:15:00,2020-04-08 10:01:55,2020-04-08 18:47:16,2020-04-08 18:31:09,2020-04-08 00:00:00
211014,79766298,10078,COMPLETED,2020-04-08 10:15:00,2020-04-08 09:41:47,2020-04-09 20:37:45,2020-04-09 17:17:34,2020-04-08 00:00:00
211013,4144179344,10078,COMPLETED,2020-04-08 10:15:00,2020-04-08 09:54:21,2020-04-08 20:14:39,2020-04-09 18:53:27,2020-04-08 00:00:00
211012,3698983872,10078,COMPLETED,2020-04-08 10:15:00,2020-04-08 09:36:30,2020-04-08 15:28:09,2020-04-09 18:57:14,2020-04-08 00:00:00
211011,3382346244,10078,COMPLETED,2020-04-08 10:15:00,2020-04-08 10:01:52,2020-04-09 16:19:50,2020-04-09 17:30:13,2020-04-08 00:00:00
211010,1110709662,10078,COMPLETED,2020-04-08 10:15:00,2020-04-08 09:33:02,2020-04-08 19:24:25,2020-04-08 18:42:19,2020-04-08 00:00:00
211009,4122634461,10078,COMPLETED,2020-04-08 09:15:00,2020-04-08 08:54:58,2020-04-08 13:19:08,2020-04-08 15:42:09,2020-04-08 00:00:00
211007,45843245,10078,COMPLETED,2020-04-08 10:15:00,2020-04-08 10:29:36,2020-04-09 21:09:24,2020-04-09 18:36:57,2020-04-08 00:00:00
211006,1592988095,10078,COMPLETED,2020-04-08 18:15:00,2020-04-08 17:40:33,2020-04-09 00:59:49,2020-04-09 01:04:29,2020-04-08 00:00:00
211005,1740244729,10078,COMPLETED,2020-04-08 14:45:00,2020-04-08 14:15:36,2020-04-08 19:21:38,2020-04-08 23:14:59,2020-04-08 00:00:00
211004,1940028222,10080,COMPLETED,2020-04-08 07:00:00,2020-04-08 10:06:32,2020-04-09 13:37:00,2020-04-09 20:07:11,2020-04-08 00:00:00
211003,2389465620,10062,COMPLETED,2020-04-08 07:30:00,2020-04-09 10:28:30,2020-04-08 13:49:11,2020-04-11 18:17:06,2020-04-08 00:00:00
211002,1878107958,10062,COMPLETED,2020-04-08 07:30:00,2020-04-08 10:24:12,2020-04-08 21:14:03,2020-04-10 18:07:04,2020-04-08 00:00:00
211001,2258697620,10062,COMPLETED,2020-04-08 07:30:00,2020-04-08 11:13:59,2020-04-09 13:29:47,2020-04-08 18:54:18,2020-04-08 00:00:00
211000,1464180927,10062,COMPLETED,2020-04-08 07:30:00,2020-04-08 13:21:36,2020-04-08 22:20:06,2020-04-10 14:41:50,2020-04-08 00:00:00
210999,3635107556,10062,COMPLETED,2020-04-08 07:30:00,2020-04-08 10:31:13,2020-04-08 15:47:04,2020-04-08 18:56:43,2020-04-08 00:00:00
210998,2070697384,10062,COMPLETED,2020-04-08 07:30:00,2020-04-08 10:48:29,2020-04-08 08:59:32,2020-04-08 15:32:19,2020-04-08 00:00:00
210997,641151123,10062,COMPLETED,2020-04-08 07:30:00,2020-04-08 10:31:17,2020-04-08 14:52:28,2020-04-08 20:15:55,2020-04-08 00:00:00
210996,3835825158,10062,COMPLETED,2020-04-08 07:30:00,2020-04-08 10:08:56,2020-04-08 10:17:29,2020-04-08 17:49:11,2020-04-08 00:00:00
210995,157529081,10062,COMPLETED,2020-04-08 07:30:00,2020-04-08 10:12:30,2020-04-08 12:56:32,2020-04-08 18:14:32,2020-04-08 00:00:00
210994,3652489633,10062,COMPLETED,2020-04-08 07:30:00,2020-04-08 10:29:17,2020-04-08 13:10:51,2020-04-08 15:49:00,2020-04-08 00:00:00
210992,2382680895,10072,COMPLETED,2020-04-08 08:30:00,2020-04-09 19:22:33,2020-04-08 19:26:12,2020-04-13 04:23:00,2020-04-08 00:00:00
210991,3982066137,10072,COMPLETED,2020-04-08 08:00:00,2020-04-08 11:42:17,2020-04-08 17:12:04,2020-04-13 10:18:33,2020-04-08 00:00:00
210990,3360696173,10059,COMPLETED,2020-04-08 11:00:00,2020-04-08 11:25:32,2020-04-08 19:20:45,2020-04-11 15:42:36,2020-04-08 00:00:00
210989,1848453854,10059,COMPLETED,2020-04-08 11:00:00,2020-04-08 12:16:15,2020-04-08 17:27:39,2020-04-08 19:39:27,2020-04-08 00:00:00
210988,1813046732,10059,COMPLETED,2020-04-08 11:00:00,2020-04-08 11:51:24,2020-04-08 12:27:33,2020-04-09 11:26:25,2020-04-08 00:00:00
210987,3127463195,10059,COMPLETED,2020-04-08 11:00:00,2020-04-08 11:08:46,2020-04-08 17:02:10,2020-04-09 10:48:10,2020-04-08 00:00:00
210986,1573707008,10059,COMPLETED,2020-04-08 11:00:00,2020-04-08 10:02:08,2020-04-08 17:53:06,2020-04-10 14:03:42,2020-04-08 00:00:00
210985,2382476233,10059,COMPLETED,2020-04-08 11:00:00,2020-04-08 09:55:14,2020-04-09 00:36:09,2020-04-09 14:02:42,2020-04-08 00:00:00
210984,1604930222,10059,COMPLETED,2020-04-08 17:00:00,2020-04-08 17:22:18,2020-04-08 21:16:37,2020-04-08 22:31:29,2020-04-08 00:00:00
210983,1523326839,10059,COMPLETED,2020-04-08 11:00:00,2020-04-08 09:36:04,2020-04-08 16:31:06,2020-04-08 15:04:40,2020-04-08 00:00:00
210981,791073506,10059,COMPLETED,2020-04-08 10:00:00,2020-04-08 09:25:25,2020-04-08 11:43:08,2020-04-08 15:44:18,2020-04-08 00:00:00
210980,3420662331,10059,COMPLETED,2020-04-08 11:00:00,2020-04-08 10:04:44,2020-04-08 13:43:00,2020-04-08 17:56:34,2020-04-08 00:00:00
210979,4111239093,10059,COMPLETED,2020-04-08 11:00:00,2020-04-08 09:53:24,2020-04-09 14:25:59,2020-04-09 20:00:54,2020-04-08 00:00:00
210978,2028526064,10059,COMPLETED,2020-04-08 10:00:00,2020-04-08 09:38:03,2020-04-08 19:12:51,2020-04-08 18:05:28,2020-04-08 00:00:00
210977,2272523408,10059,COMPLETED,2020-04-08 11:00:00,2020-04-08 09:56:54,2020-04-08 17:34:39,2020-04-08 17:35:20,2020-04-08 00:00:00
210976,982421037,10059,COMPLETED,2020-04-08 10:00:00,2020-04-08 11:30:28,2020-04-08 13:18:30,2020-04-13 16:20:18,2020-04-08 00:00:00
210975,3346818796,10059,COMPLETED,2020-04-08 11:00:00,2020-04-08 11:36:46,2020-04-09 03:06:21,2020-04-11 10:38:26,2020-04-08 00:00:00
210974,4273957850,10059,COMPLETED,2020-04-08 11:00:00,2020-04-08 11:31:02,2020-04-08 19:35:40,2020-04-08 19:49:12,2020-04-08 00:00:00
210972,2642256350,10059,COMPLETED,2020-04-08 11:00:00,2020-04-08 11:27:21,2020-04-08 16:58:44,2020-04-13 11:29:00,2020-04-08 00:00:00
210971,2555818596,10053,NOT_STARTED,2020-04-08 18:30:00,,2020-04-08 23:31:00,,2020-04-08 00:00:00
210970,663784762,10053,COMPLETED,2020-04-08 09:45:00,2020-04-08 11:36:40,2020-04-10 13:21:07,2020-04-10 14:25:38,2020-04-08 00:00:00
210969,4033614906,10053,COMPLETED,2020-04-08 10:15:00,2020-04-08 10:18:07,2020-04-09 20:30:49,2020-04-09 19:55:14,2020-04-08 00:00:00
210968,3038304923,10053,COMPLETED,2020-04-08 10:30:00,2020-04-08 10:14:04,2020-04-08 18:31:32,2020-04-08 19:11:31,2020-04-08 00:00:00
210967,886299375,10053,COMPLETED,2020-04-08 10:00:00,2020-04-08 10:12:11,2020-04-08 17:54:59,2020-04-08 19:26:25,2020-04-08 00:00:00
210965,2227392060,10053,COMPLETED,2020-04-08 10:00:00,2020-04-08 10:04:12,2020-04-08 10:38:06,2020-04-08 19:06:44,2020-04-08 00:00:00
210964,4119084709,10053,COMPLETED,2020-04-08 10:30:00,2020-04-08 10:07:58,2020-04-08 19:20:32,2020-04-08 18:11:56,2020-04-08 00:00:00
210963,1284405958,10053,COMPLETED,2020-04-08 10:00:00,2020-04-08 09:59:14,2020-04-08 18:09:24,2020-04-08 18:29:41,2020-04-08 00:00:00
210961,2915476185,10053,COMPLETED,2020-04-08 10:15:00,2020-04-08 10:09:53,2020-04-08 19:18:19,2020-04-08 23:28:33,2020-04-08 00:00:00
210960,690718928,10053,COMPLETED,2020-04-08 10:30:00,2020-04-08 09:36:48,2020-04-08 17:50:34,2020-04-09 18:19:38,2020-04-08 00:00:00
210958,4161893807,10063,COMPLETED,2020-04-08 07:30:00,2020-04-08 10:45:55,2020-04-08 13:18:25,2020-04-09 17:54:23,2020-04-08 00:00:00
210957,347500140,10063,COMPLETED,2020-04-08 07:30:00,2020-04-08 10:43:16,2020-04-08 12:14:31,2020-04-08 19:42:08,2020-04-08 00:00:00
210954,2745894490,10080,COMPLETED,2020-04-08 06:00:00,2020-04-08 10:16:53,2020-04-08 11:23:58,2020-04-08 19:27:28,2020-04-08 00:00:00
210953,4104447616,10080,COMPLETED,2020-04-08 06:00:00,2020-04-08 09:17:45,2020-04-08 15:34:43,2020-04-10 00:54:00,2020-04-08 00:00:00
210952,1454253606,10080,COMPLETED,2020-04-08 07:00:00,2020-04-08 10:04:07,2020-04-08 15:20:00,2020-04-08 18:52:13,2020-04-08 00:00:00
210950,4264582879,10080,COMPLETED,2020-04-08 06:00:00,2020-04-08 10:14:49,2020-04-09 11:00:28,2020-04-09 21:32:09,2020-04-08 00:00:00
210946,462374988,10050,COMPLETED,2020-04-08 12:00:00,2020-04-08 11:56:31,2020-04-11 13:35:48,2020-04-11 11:15:41,2020-04-08 00:00:00
210945,159024525,10050,COMPLETED,2020-04-08 12:00:00,2020-04-08 12:01:33,2020-04-08 16:30:01,2020-04-08 18:21:28,2020-04-08 00:00:00
210944,4273942444,10050,COMPLETED,2020-04-08 12:00:00,2020-04-08 11:52:19,2020-04-08 19:12:16,2020-04-08 20:12:31,2020-04-08 00:00:00
210943,383141453,10080,COMPLETED,2020-04-08 08:00:00,2020-04-08 11:04:58,2020-04-08 17:22:59,2020-04-10 09:00:50,2020-04-08 00:00:00
210942,2792631564,10065,COMPLETED,2020-04-08 14:30:00,2020-04-08 19:15:50,2020-04-08 21:40:08,2020-04-09 00:43:19,2020-04-08 00:00:00
210941,4060048452,10065,COMPLETED,2020-04-08 14:30:00,2020-04-08 09:42:18,2020-04-08 16:28:15,2020-04-08 10:06:00,2020-04-08 00:00:00
210939,585343141,10065,COMPLETED,2020-04-08 06:30:00,2020-04-08 09:41:30,2020-04-08 14:26:00,2020-04-08 15:26:53,2020-04-08 00:00:00
210938,2500811197,10065,COMPLETED,2020-04-08 16:30:00,2020-04-08 19:29:27,2020-04-08 22:32:29,2020-04-09 01:29:19,2020-04-08 00:00:00
210937,382804855,10065,COMPLETED,2020-04-08 06:30:00,2020-04-08 09:40:34,2020-04-08 14:00:43,2020-04-08 15:16:03,2020-04-08 00:00:00
210934,823213383,10058,COMPLETED,2020-04-08 10:00:00,2020-04-08 11:47:12,2020-04-08 19:39:40,2020-04-09 11:17:08,2020-04-08 00:00:00
210933,210837915,10058,COMPLETED,2020-04-08 10:00:00,2020-04-08 10:57:39,2020-04-08 17:57:53,2020-04-08 20:13:03,2020-04-08 00:00:00
210932,471997688,10058,COMPLETED,2020-04-08 10:00:00,2020-04-08 12:18:18,2020-04-08 18:05:49,2020-04-08 22:08:42,2020-04-08 00:00:00
210930,1944125774,10160,COMPLETED,2020-04-08 07:00:00,2020-04-08 10:49:00,2020-04-08 08:20:53,2020-04-08 10:49:00,2020-04-08 00:00:00
210929,991978774,10160,COMPLETED,2020-04-08 07:00:00,2020-04-08 09:37:26,2020-04-08 15:36:19,2020-04-09 09:23:00,2020-04-08 00:00:00
210928,2866087569,10160,COMPLETED,2020-04-08 07:00:00,2020-04-08 09:29:19,2020-04-08 08:05:37,2020-04-08 16:12:55,2020-04-08 00:00:00
210923,569618823,10160,COMPLETED,2020-04-08 07:00:00,2020-04-08 10:15:15,2020-04-08 09:50:33,2020-04-08 16:45:58,2020-04-08 00:00:00
210922,2559564246,10160,COMPLETED,2020-04-08 07:00:00,2020-04-08 09:28:14,2020-04-08 16:31:29,2020-04-08 15:57:36,2020-04-08 00:00:00
210920,3544000463,10160,COMPLETED,2020-04-08 07:00:00,2020-04-08 09:51:58,2020-04-08 09:16:00,2020-04-08 16:45:39,2020-04-08 00:00:00
210917,4142043266,10057,COMPLETED,2020-04-08 10:30:00,2020-04-08 10:53:40,2020-04-08 19:01:43,2020-04-08 20:05:33,2020-04-08 00:00:00
210916,108950446,10057,COMPLETED,2020-04-08 10:35:00,2020-04-08 11:01:27,2020-04-08 20:42:39,2020-04-08 18:54:55,2020-04-08 00:00:00
210915,701392427,10057,COMPLETED,2020-04-08 10:30:00,2020-04-08 10:41:46,2020-04-08 18:54:46,2020-04-08 19:26:20,2020-04-08 00:00:00
210914,617752723,10057,COMPLETED,2020-04-08 10:30:00,2020-04-08 10:38:05,2020-04-08 17:37:56,2020-04-08 16:52:44,2020-04-08 00:00:00
210910,2186351252,10071,COMPLETED,2020-04-08 07:30:00,2020-04-08 10:31:58,2020-04-08 08:03:53,2020-04-08 17:50:39,2020-04-08 00:00:00
210901,2149301769,10077,COMPLETED,2020-04-08 08:00:00,2020-04-08 07:36:44,2020-04-08 11:07:05,2020-04-08 15:27:57,2020-04-08 00:00:00
210899,2655383255,10077,COMPLETED,2020-04-08 08:00:00,2020-04-08 07:50:12,2020-04-08 15:07:49,2020-04-08 18:30:12,2020-04-08 00:00:00
210894,3117025308,10077,COMPLETED,2020-04-08 09:30:00,2020-04-08 08:05:42,2020-04-08 17:47:30,2020-04-08 17:29:12,2020-04-08 00:00:00
210885,1821314708,10076,COMPLETED,2020-04-08 09:30:00,2020-04-08 10:09:04,2020-04-08 12:05:15,2020-04-08 16:56:23,2020-04-08 00:00:00
210883,3276711787,10076,COMPLETED,2020-04-08 09:30:00,2020-04-08 10:00:10,2020-04-08 12:24:02,2020-04-08 17:43:14,2020-04-08 00:00:00
210872,418348670,10049,COMPLETED,2020-04-08 10:30:00,2020-04-08 13:11:14,2020-04-08 20:41:07,2020-04-11 13:35:52,2020-04-08 00:00:00
210869,1834499424,10049,COMPLETED,2020-04-08 09:40:00,2020-04-08 09:54:26,2020-04-09 18:02:49,2020-04-09 18:28:31,2020-04-08 00:00:00
210863,1445481454,10057,COMPLETED,2020-04-08 10:15:00,2020-04-08 10:24:04,2020-04-08 18:49:50,2020-04-08 20:02:11,2020-04-08 00:00:00
210862,1460877436,10057,COMPLETED,2020-04-08 10:00:00,2020-04-08 09:41:42,2020-04-08 15:01:26,2020-04-08 18:46:44,2020-04-08 00:00:00
210860,1981230065,10057,COMPLETED,2020-04-08 09:30:00,2020-04-08 09:55:47,2020-04-09 12:25:29,2020-04-09 16:49:12,2020-04-08 00:00:00
210853,3190204425,10078,COMPLETED,2020-04-08 10:15:00,2020-04-08 14:33:18,2020-04-09 16:10:12,2020-04-09 18:42:56,2020-04-08 00:00:00
210852,4119358902,10064,COMPLETED,2020-04-08 08:30:00,2020-04-08 12:57:52,2020-04-09 16:23:35,2020-04-09 21:45:32,2020-04-08 00:00:00
210850,229628701,10064,COMPLETED,2020-04-08 08:30:00,2020-04-08 12:21:00,2020-04-08 09:16:42,2020-04-09 08:03:00,2020-04-08 00:00:00
210848,1990840811,10078,COMPLETED,2020-04-08 10:15:00,2020-04-08 10:04:23,2020-04-08 12:52:34,2020-04-11 14:41:42,2020-04-08 00:00:00
210842,1474999003,10046,COMPLETED,2020-04-07 10:00:00,2020-04-07 17:50:41,2020-04-07 11:47:26,2020-04-07 20:05:56,2020-04-07 00:00:00
210840,2197475293,10065,COMPLETED,2020-04-07 15:00:00,2020-04-07 17:19:36,2020-04-07 16:10:01,2020-04-07 22:25:50,2020-04-07 00:00:00
210836,3127463195,10059,COMPLETED,2020-04-07 16:00:00,2020-04-07 14:46:40,2020-04-07 19:07:29,2020-04-08 11:21:45,2020-04-07 00:00:00
129616,298001190,10078,COMPLETED,2018-09-15 12:45:00,2018-09-14 15:39:22,2018-09-15 18:05:02,2018-09-14 20:03:57,2018-09-15 00:00:00
129612,3657602746,10044,COMPLETED,2018-09-14 12:00:00,2018-09-14 13:23:25,2018-09-14 16:08:20,2018-09-15 11:49:26,2018-09-14 00:00:00
129610,251099898,10059,COMPLETED,2018-09-14 14:00:00,2018-09-14 16:59:23,2018-09-14 19:46:26,2018-09-14 21:46:33,2018-09-14 00:00:00
121038,1065081345,10049,COMPLETED,2018-07-25 09:30:00,2018-07-25 11:02:02,2018-07-25 10:36:31,2018-07-26 12:10:46,2018-07-25 00:00:00
121035,1460877436,10057,COMPLETED,2018-07-25 10:00:00,2018-07-25 09:41:29,2018-07-25 14:41:59,2018-07-25 17:29:46,2018-07-25 00:00:00
121022,1038223138,10062,COMPLETED,2018-07-25 10:30:00,2018-07-25 10:40:53,2018-07-25 15:38:56,2018-07-25 17:47:03,2018-07-25 00:00:00
121012,2226536633,10057,COMPLETED,2018-07-25 10:45:00,2018-07-25 10:10:26,2018-07-25 21:17:06,2018-07-25 19:33:47,2018-07-25 00:00:00
101321,2504479220,10080,COMPLETED,2018-04-12 09:30:00,2018-04-12 10:13:06,2018-04-12 18:53:15,2018-04-12 23:35:11,2018-04-12 00:00:00
101319,3842062396,10080,COMPLETED,2018-04-12 10:30:00,2018-04-12 09:53:28,2018-04-12 19:12:00,2018-04-12 22:14:21,2018-04-12 00:00:00
101317,3800907179,10080,COMPLETED,2018-04-12 09:30:00,2018-04-12 09:32:24,2018-04-12 18:49:20,2018-04-12 19:41:54,2018-04-12 00:00:00
101316,2245312934,10080,COMPLETED,2018-04-12 10:30:00,2018-04-12 09:51:23,2018-04-12 18:57:42,2018-04-12 22:14:19,2018-04-12 00:00:00
93328,712201671,10058,COMPLETED,2018-03-13 10:00:00,2018-03-13 10:32:41,2018-03-13 17:56:33,2018-03-13 20:24:02,2018-03-13 00:00:00
93304,1987559864,10080,COMPLETED,2018-03-13 09:00:00,2018-03-13 10:12:27,2018-03-13 16:34:05,2018-03-13 19:21:56,2018-03-13 00:00:00
93303,3497519214,10080,COMPLETED,2018-03-13 10:30:00,2018-03-13 10:27:08,2018-03-13 20:08:41,2018-03-13 20:36:01,2018-03-13 00:00:00
93161,3534696262,10058,COMPLETED,2018-03-12 10:00:00,2018-03-12 12:00:54,2018-03-12 16:07:17,2018-03-12 19:13:52,2018-03-12 00:00:00
93156,2630378304,10053,COMPLETED,2018-03-12 10:00:00,2018-03-12 10:17:22,2018-03-12 14:19:20,2018-03-14 19:48:01,2018-03-12 00:00:00
93155,2137768237,10053,COMPLETED,2018-03-12 10:15:00,2018-03-12 10:05:25,2018-03-14 00:40:19,2018-03-13 20:14:49,2018-03-12 00:00:00
93153,164898263,10053,COMPLETED,2018-03-12 10:00:00,2018-03-12 11:04:21,2018-03-12 19:14:46,2018-03-12 20:18:48,2018-03-12 00:00:00
93152,2516067010,10053,COMPLETED,2018-03-12 10:00:00,2018-03-12 10:46:39,2018-03-12 12:00:24,2018-03-12 18:33:24,2018-03-12 00:00:00
93146,3576269346,10053,COMPLETED,2018-03-12 09:45:00,2018-03-12 10:12:22,2018-03-12 19:04:30,2018-03-12 20:22:40,2018-03-12 00:00:00
93145,2307249602,10064,COMPLETED,2018-03-12 11:30:00,2018-03-12 10:26:26,2018-03-12 21:11:51,2018-03-12 21:27:32,2018-03-12 00:00:00
93144,3820943221,10062,COMPLETED,2018-03-12 13:30:00,2018-03-12 13:49:05,2018-03-12 20:16:53,2018-03-15 12:56:00,2018-03-12 00:00:00
93143,4128076288,10062,COMPLETED,2018-03-12 11:30:00,2018-03-12 11:26:17,2018-03-13 11:09:29,2018-03-14 09:36:00,2018-03-12 00:00:00
93142,997122932,10062,COMPLETED,2018-03-12 11:30:00,2018-03-12 11:27:24,2018-03-12 19:51:42,2018-03-12 19:42:25,2018-03-12 00:00:00
93141,3577130595,10062,COMPLETED,2018-03-12 11:30:00,2018-03-12 11:21:27,2018-03-14 07:39:23,2018-03-14 18:18:59,2018-03-12 00:00:00
93140,2921754272,10062,COMPLETED,2018-03-12 13:30:00,2018-03-12 12:26:53,2018-03-14 03:17:28,2018-03-14 18:58:21,2018-03-12 00:00:00
90208,1140508764,10049,COMPLETED,2018-02-28 09:40:00,2018-02-28 09:30:53,2018-02-28 17:30:02,2018-02-28 18:24:19,2018-02-28 00:00:00
90202,720037333,10079,COMPLETED,2018-02-28 10:30:00,2018-02-28 10:47:01,2018-02-28 18:28:34,2018-02-28 20:33:27,2018-02-28 00:00:00
83965,252778408,10047,COMPLETED,2018-01-31 11:30:00,2018-01-31 11:55:19,2018-01-31 17:20:19,2018-01-31 19:52:40,2018-01-31 00:00:00
83964,331123305,10047,COMPLETED,2018-01-31 09:30:00,2018-01-31 10:36:41,2018-01-31 16:26:15,2018-01-31 21:32:06,2018-01-31 00:00:00
83963,2539005137,10050,COMPLETED,2018-01-31 10:50:00,2018-01-31 11:48:30,2018-01-31 20:11:37,2018-01-31 19:57:06,2018-01-31 00:00:00
83961,3836173295,10050,COMPLETED,2018-01-31 10:45:00,2018-01-31 10:36:28,2018-01-31 18:57:21,2018-01-31 19:10:19,2018-01-31 00:00:00
83934,2347657848,10053,COMPLETED,2018-01-31 09:00:00,2018-01-31 09:21:36,2018-01-31 13:14:35,2018-01-31 18:45:00,2018-01-31 00:00:00
83933,2916101393,10053,COMPLETED,2018-01-31 09:30:00,2018-01-31 08:30:43,2018-02-01 07:02:48,2018-01-31 17:31:31,2018-01-31 00:00:00
83932,319928587,10064,COMPLETED,2018-01-31 10:30:00,2018-01-31 10:52:13,2018-02-01 22:14:08,2018-02-01 19:58:06,2018-01-31 00:00:00
83931,744778049,10064,COMPLETED,2018-01-31 10:30:00,2018-01-31 10:00:39,2018-01-31 21:17:15,2018-01-31 20:30:07,2018-01-31 00:00:00
83736,4090246592,10044,COMPLETED,2018-01-31 09:30:00,2018-01-31 12:09:02,2018-01-31 18:58:01,2018-02-02 14:50:29,2018-01-31 00:00:00
82537,1355202870,10065,COMPLETED,2018-01-25 09:30:00,2018-01-25 09:17:24,2018-01-25 14:27:10,2018-01-25 18:05:49,2018-01-25 00:00:00
82535,1959017099,10065,COMPLETED,2018-01-25 09:30:00,2018-01-25 09:22:42,2018-01-25 17:32:53,2018-01-25 16:19:10,2018-01-25 00:00:00
81858,2618382494,10064,COMPLETED,2018-01-22 10:30:00,2018-01-22 12:00:52,2018-01-22 21:02:18,2018-01-22 20:35:04,2018-01-22 00:00:00
81852,2376533619,10062,COMPLETED,2018-01-22 10:30:00,2018-01-22 16:47:21,2018-01-22 16:33:49,2018-01-24 17:32:00,2018-01-22 00:00:00
81723,3878169295,10057,COMPLETED,2018-01-22 09:30:00,2018-01-22 12:05:00,2018-01-22 16:07:08,2018-01-22 17:56:27,2018-01-22 00:00:00
81705,3758356722,10053,COMPLETED,2018-01-22 09:00:00,2018-01-22 08:51:52,2018-01-22 16:37:10,2018-01-22 17:13:41,2018-01-22 00:00:00
